{"frames": {

"FLOURISH-_BoomBaloon-_BaloonAssets_01.png":
{
	"frame": {"x":0,"y":0,"w":103,"h":137},
	"rotated": false,
	"trimmed": false,
	"spriteSourceSize": {"x":0,"y":0,"w":103,"h":137},
	"sourceSize": {"w":103,"h":137},
	"anchor": {"x":0.5,"y":0.5}
},
"FLOURISH-_BoomBaloon-_BaloonAssets_02.png":
{
	"frame": {"x":0,"y":137,"w":103,"h":137},
	"rotated": false,
	"trimmed": false,
	"spriteSourceSize": {"x":0,"y":0,"w":103,"h":137},
	"sourceSize": {"w":103,"h":137},
	"anchor": {"x":0.5,"y":0.5}
},
"FLOURISH-_BoomBaloon-_BaloonAssets_03.png":
{
	"frame": {"x":0,"y":274,"w":103,"h":137},
	"rotated": false,
	"trimmed": false,
	"spriteSourceSize": {"x":0,"y":0,"w":103,"h":137},
	"sourceSize": {"w":103,"h":137},
	"anchor": {"x":0.5,"y":0.5}
},
"FLOURISH-_BoomBaloon-_BaloonAssets_04.png":
{
	"frame": {"x":0,"y":411,"w":102,"h":137},
	"rotated": false,
	"trimmed": false,
	"spriteSourceSize": {"x":0,"y":0,"w":102,"h":137},
	"sourceSize": {"w":102,"h":137},
	"anchor": {"x":0.5,"y":0.5}
},
"FLOURISH-_BoomBaloon-_BaloonAssets_05.png":
{
	"frame": {"x":0,"y":548,"w":103,"h":137},
	"rotated": false,
	"trimmed": false,
	"spriteSourceSize": {"x":0,"y":0,"w":103,"h":137},
	"sourceSize": {"w":103,"h":137},
	"anchor": {"x":0.5,"y":0.5}
},
"FLOURISH-_BoomBaloon-_BaloonAssets_06.png":
{
	"frame": {"x":0,"y":685,"w":103,"h":137},
	"rotated": false,
	"trimmed": false,
	"spriteSourceSize": {"x":0,"y":0,"w":103,"h":137},
	"sourceSize": {"w":103,"h":137},
	"anchor": {"x":0.5,"y":0.5}
},
"FLOURISH-_BoomBaloon-_BaloonAssets_07.png":
{
	"frame": {"x":0,"y":822,"w":103,"h":137},
	"rotated": false,
	"trimmed": false,
	"spriteSourceSize": {"x":0,"y":0,"w":103,"h":137},
	"sourceSize": {"w":103,"h":137},
	"anchor": {"x":0.5,"y":0.5}
},
"FLOURISH-_BoomBaloon-_BaloonAssets_08.png":
{
	"frame": {"x":0,"y":959,"w":103,"h":137},
	"rotated": false,
	"trimmed": false,
	"spriteSourceSize": {"x":0,"y":0,"w":103,"h":137},
	"sourceSize": {"w":103,"h":137},
	"anchor": {"x":0.5,"y":0.5}
},
"FLOURISH-_BoomBaloon-_BaloonAssets_09.png":
{
	"frame": {"x":0,"y":1096,"w":103,"h":137},
	"rotated": false,
	"trimmed": false,
	"spriteSourceSize": {"x":0,"y":0,"w":103,"h":137},
	"sourceSize": {"w":103,"h":137},
	"anchor": {"x":0.5,"y":0.5}
},
"FLOURISH-_BoomBaloon-_BaloonAssets_10.png":
{
	"frame": {"x":0,"y":1233,"w":103,"h":137},
	"rotated": false,
	"trimmed": false,
	"spriteSourceSize": {"x":0,"y":0,"w":103,"h":137},
	"sourceSize": {"w":103,"h":137},
	"anchor": {"x":0.5,"y":0.5}
},
"FLOURISH-_BoomBaloon-_BaloonAssets_11.png":
{
	"frame": {"x":0,"y":1370,"w":102,"h":137},
	"rotated": false,
	"trimmed": false,
	"spriteSourceSize": {"x":0,"y":0,"w":102,"h":137},
	"sourceSize": {"w":102,"h":137},
	"anchor": {"x":0.5,"y":0.5}
},
"FLOURISH-_BoomBaloon-_BaloonAssets_12.png":
{
	"frame": {"x":0,"y":1507,"w":103,"h":137},
	"rotated": false,
	"trimmed": false,
	"spriteSourceSize": {"x":0,"y":0,"w":103,"h":137},
	"sourceSize": {"w":103,"h":137},
	"anchor": {"x":0.5,"y":0.5}
},
"FLOURISH-_BoomBaloon-_BaloonAssets_13.png":
{
	"frame": {"x":0,"y":1644,"w":103,"h":137},
	"rotated": false,
	"trimmed": false,
	"spriteSourceSize": {"x":0,"y":0,"w":103,"h":137},
	"sourceSize": {"w":103,"h":137},
	"anchor": {"x":0.5,"y":0.5}
},
"FLOURISH-_BoomBaloon-_BaloonAssets_14.png":
{
	"frame": {"x":0,"y":1781,"w":103,"h":137},
	"rotated": false,
	"trimmed": false,
	"spriteSourceSize": {"x":0,"y":0,"w":103,"h":137},
	"sourceSize": {"w":103,"h":137},
	"anchor": {"x":0.5,"y":0.5}
}},
"animations": {
	"FLOURISH-_BoomBaloon-_BaloonAssets": ["FLOURISH-_BoomBaloon-_BaloonAssets_01.png","FLOURISH-_BoomBaloon-_BaloonAssets_02.png","FLOURISH-_BoomBaloon-_BaloonAssets_03.png","FLOURISH-_BoomBaloon-_BaloonAssets_04.png","FLOURISH-_BoomBaloon-_BaloonAssets_05.png","FLOURISH-_BoomBaloon-_BaloonAssets_06.png","FLOURISH-_BoomBaloon-_BaloonAssets_07.png","FLOURISH-_BoomBaloon-_BaloonAssets_08.png","FLOURISH-_BoomBaloon-_BaloonAssets_09.png","FLOURISH-_BoomBaloon-_BaloonAssets_10.png","FLOURISH-_BoomBaloon-_BaloonAssets_11.png","FLOURISH-_BoomBaloon-_BaloonAssets_12.png","FLOURISH-_BoomBaloon-_BaloonAssets_13.png","FLOURISH-_BoomBaloon-_BaloonAssets_14.png"]
},
"meta": {
	"app": "https://www.codeandweb.com/texturepacker",
	"version": "1.0",
	"image": "boomBaloon.png",
	"format": "RGBA8888",
	"size": {"w":103,"h":1918},
	"scale": "1",
	"smartupdate": "$TexturePacker:SmartUpdate:e1daad51f26d6eb477be6c05e951d535:740e921c989cc57004807b986942e7eb:41f9f8a7658afec7cfccd7e6b398afb6$"
}
}
