{"frames": {

"FLOURISH-_BoomBaloon-_StarAssets_01.png":
{
	"frame": {"x":0,"y":0,"w":39,"h":41},
	"rotated": false,
	"trimmed": false,
	"spriteSourceSize": {"x":0,"y":0,"w":39,"h":41},
	"sourceSize": {"w":39,"h":41},
	"anchor": {"x":0.5,"y":0.5}
},
"FLOURISH-_BoomBaloon-_StarAssets_02.png":
{
	"frame": {"x":39,"y":0,"w":39,"h":41},
	"rotated": false,
	"trimmed": false,
	"spriteSourceSize": {"x":0,"y":0,"w":39,"h":41},
	"sourceSize": {"w":39,"h":41},
	"anchor": {"x":0.5,"y":0.5}
},
"FLOURISH-_BoomBaloon-_StarAssets_03.png":
{
	"frame": {"x":78,"y":0,"w":39,"h":41},
	"rotated": false,
	"trimmed": false,
	"spriteSourceSize": {"x":0,"y":0,"w":39,"h":41},
	"sourceSize": {"w":39,"h":41},
	"anchor": {"x":0.5,"y":0.5}
},
"FLOURISH-_BoomBaloon-_StarAssets_04.png":
{
	"frame": {"x":117,"y":0,"w":39,"h":41},
	"rotated": false,
	"trimmed": false,
	"spriteSourceSize": {"x":0,"y":0,"w":39,"h":41},
	"sourceSize": {"w":39,"h":41},
	"anchor": {"x":0.5,"y":0.5}
},
"FLOURISH-_BoomBaloon-_StarAssets_05.png":
{
	"frame": {"x":156,"y":0,"w":39,"h":41},
	"rotated": false,
	"trimmed": false,
	"spriteSourceSize": {"x":0,"y":0,"w":39,"h":41},
	"sourceSize": {"w":39,"h":41},
	"anchor": {"x":0.5,"y":0.5}
},
"FLOURISH-_BoomBaloon-_StarAssets_06.png":
{
	"frame": {"x":195,"y":0,"w":39,"h":41},
	"rotated": false,
	"trimmed": false,
	"spriteSourceSize": {"x":0,"y":0,"w":39,"h":41},
	"sourceSize": {"w":39,"h":41},
	"anchor": {"x":0.5,"y":0.5}
}},
"animations": {
	"FLOURISH-_BoomBaloon-_StarAssets": ["FLOURISH-_BoomBaloon-_StarAssets_01.png","FLOURISH-_BoomBaloon-_StarAssets_02.png","FLOURISH-_BoomBaloon-_StarAssets_03.png","FLOURISH-_BoomBaloon-_StarAssets_04.png","FLOURISH-_BoomBaloon-_StarAssets_05.png","FLOURISH-_BoomBaloon-_StarAssets_06.png"]
},
"meta": {
	"app": "https://www.codeandweb.com/texturepacker",
	"version": "1.0",
	"image": "starAlive.png",
	"format": "RGBA8888",
	"size": {"w":234,"h":41},
	"scale": "1",
	"smartupdate": "$TexturePacker:SmartUpdate:baceb4fcd0fb3c84d1ecf6b62307bd96:5dbbf06d742c9ce77e703a91c47d659c:ddd03fbb9f1479a3319564f7398b7b8d$"
}
}
